model,accuracy,precision,recall,f1_score
Hybrid Linear SVM,0.9940376374138252,0.9915324589075212,0.997827903091061,0.9946702198534311
Linear SVM,0.9939444754984162,0.9913678618857902,0.997827903091061,0.9945873927887418
Hybrid Logistic Regression,0.990217998882057,0.9870775347912525,0.9954887218045113,0.9912652857499377
Logistic Regression,0.98993851313583,0.9865871833084948,0.9954887218045113,0.9910179640718563
Voting Ensemble,0.985746226942426,0.988769694937982,0.9856307435254804,0.9871977240398293
Naive Bayes,0.9751257685858021,0.9917440660474717,0.9634085213032582,0.9773709636409865
Random Forest Rules Only,0.645798397615055,0.6648542516236218,0.7355054302422723,0.6983975884499445
